prov_index,prov_abbr,dist_index,dist_abbr,prov,dist
3,BSS,1,KSH,Bessarabia,Kishinev
3,BSS,2,AKK,Bessarabia,Akkerman
3,BSS,3,BND,Bessarabia,Bendery
3,BSS,4,BLT,Bessarabia,Bieltsy
3,BSS,5,IZM,Bessarabia,Izmail
3,BSS,6,ORG,Bessarabia,Orgieev
3,BSS,7,SRK,Bessarabia,Soroki
3,BSS,8,KHT,Bessarabia,Khotin
4,VLN,1,VLN,Vilna,Vilnius
4,VLN,2,VLK,Vilna,Vileika
4,VLN,3,DSN,Vilna,Disna
4,VLN,4,LDA,Vilna,Lida
4,VLN,5,OSH,Vilna,Oshmiany
4,VLN,6,SVN,Vilna,Sventsiany
4,VLN,7,TRK,Vilna,Troki
5,VTB,1,VTB,Vitebsk,Vitebsk
5,VTB,2,VLZ,Vitebsk,Velizh
5,VTB,3,GRD,Vitebsk,Gorodok
5,VTB,4,DVN,Vitebsk,Dvinsk
5,VTB,5,DRS,Vitebsk,Drissa
5,VTB,6,LPL,Vitebsk,Lepel
5,VTB,7,LTS,Vitebsk,Liutsin
5,VTB,8,NVL,Vitebsk,Nevel
5,VTB,9,PLT,Vitebsk,Polotsk
5,VTB,10,RZH,Vitebsk,Riezhitsa
5,VTB,11,SBZ,Vitebsk,Sebezh
8,VLH,1,ZHT,Volhynia,Zhitomir
8,VLH,2,VLD,Volhynia,Vladimir-Volynskii
8,VLH,3,DBN,Volhynia,Dubno
8,VLH,4,ZSL,Volhynia,Zaslavl
8,VLH,5,KVL,Volhynia,Kovel
8,VLH,6,KRM,Volhynia,Kremenets
8,VLH,7,LTS,Volhynia,Lutsk
8,VLH,8,NVG,Volhynia,Novograd-Volynskii
8,VLH,9,OVR,Volhynia,Ovruch
8,VLH,10,OST,Volhynia,Ostrog
8,VLH,11,RVN,Volhynia,Rovno
8,VLH,12,STR,Volhynia,Starokonstantinov
9,VRN,1,VRN,Voronezh,Voronezh
11,GRD,.P,GRD,Grodno,Grodno
11,GRD,1,GRD,Grodno,Grodno
11,GRD,2,BRS,Grodno,Brest-Litovsk
11,GRD,3,BLST,Grodno,Bielostok
11,GRD,4,BLS,Grodno,Bielsk
11,GRD,5,VLK,Grodno,Volkovysk
11,GRD,6,KBR,Grodno,Kobrin
11,GRD,7,PRZ,Grodno,Pruzhany
11,GRD,8,SLN,Grodno,Slonim
11,GRD,9,SKL,Grodno,Sokolki
12,DNV,5,RST,Don Voyska,Rostov-On-Don
12,DNV,7,TGN,Don Voyska,Taganrog
12,DNV,8,UST,Don Voyska,Ust-Medveditskaia
13,EKT,1,EKT,Ekaterinoslav,Ekaterinoslav
13,EKT,2,ALK,Ekaterinoslav,Aleksandrovsk
13,EKT,3,BKH,Ekaterinoslav,Bakhmut
13,EKT,4,VRK,Ekaterinoslav,Verkhnednieprovsk
13,EKT,5,MRP,Ekaterinoslav,Mariupol
13,EKT,6,NVM,Ekaterinoslav,Novomoskovsk
13,EKT,7,PVL,Ekaterinoslav,Pavlograd
13,EKT,8,SLV,Ekaterinoslav,Slavianoserbsk
14,KLS,1,KZN,Kazan,Kazan
16,KIV,1,KIV,Kiev,Kiev
16,KIV,2,BRD,Kiev,Berdichev
16,KIV,3,VSL,Kiev,Vasilkov
16,KIV,4,ZVN,Kiev,Zvenigorodka
16,KIV,5,KNV,Kiev,Kanev
16,KIV,6,LPV,Kiev,Lipovets
16,KIV,7,RDM,Kiev,Radomysl
16,KIV,8,SKV,Kiev,Skvira
16,KIV,9,TRS,Kiev,Tarashcha
16,KIV,10,UMN,Kiev,Uman
16,KIV,11,CHR,Kiev,Cherkasy
16,KIV,12,CHG,Kiev,Chigirin
17,KVN,1,KVN,Kovno,Kovno
17,KVN,2,VLK,Kovno,Vilkomir
17,KVN,3,NVL,Kovno,Novoaleksandrovsk
17,KVN,4,PNV,Kovno,Poneviezh
17,KVN,5,RSS,Kovno,Rossieny
17,KVN,6,TLS,Kovno,Telshi
17,KVN,7,SHV,Kovno,Shavli
19,CRL,1,MTV,Courland,Mitava
19,CRL,2,BSK,Courland,Bausk
19,CRL,3,VND,Courland,Vindava
19,CRL,4,GZN,Courland,Gazenpot
19,CRL,5,GLD,Courland,Goldingen
19,CRL,6,GRB,Courland,Grobin
19,CRL,7,ILL,Courland,Illukst
19,CRL,8,TLS,Courland,Talsen
19,CRL,9,TKK,Courland,Tukkum
19,CRL,10,FRD,Courland,Fridrikhshtadt
21,LVL,1,RIG,Livland,Riga
21,LVL,2,VLK,Livland,Valk
21,LVL,3,VND,Livland,Venden
21,LVL,4,VRR,Livland,Verro
21,LVL,5,VLM,Livland,Volmar
21,LVL,6,PRN,Livland,Pernov
21,LVL,7,IRV,Livland,Iurev
21,LVL,8,ARN,Livland,Arensburg
21,LVL,9,FLL,Livland,Fellin
22,MNS,1,MNS,Minsk,Minsk
22,MNS,2,BBR,Minsk,Bobruisk
22,MNS,3,BRS,Minsk,Borisov
22,MNS,4,IGM,Minsk,Igumen
22,MNS,5,MZY,Minsk,Mozyr
22,MNS,6,NVG,Minsk,Novogrudok
22,MNS,7,PNS,Minsk,Pinsk
22,MNS,8,RCH,Minsk,Riechitsa
22,MNS,9,SLT,Minsk,Slutsk
23,MGL,1,MGL,Mogilev,Mogilev
23,MGL,2,STR,Mogilev,Staro-Bykhov
23,MGL,3,GML,Mogilev,Gomel
23,MGL,4,GRK,Mogilev,Gorki
23,MGL,5,KLM,Mogilev,Klimovichi
23,MGL,6,MST,Mogilev,Mstislavl
23,MGL,7,ORS,Mogilev,Orsha
23,MGL,8,RGC,Mogilev,Rogachev
23,MGL,9,SNN,Mogilev,Sienno
23,MGL,10,CHS,Mogilev,Chausy
23,MGL,11,CHR,Mogilev,Cherikov
24,MSK,1,MSC,Moskva,Moscow
25,NZN,1,NZH,Nizhniy Novgorod,Nizhnii-Novgorod
26,NVG,1,NVG,Novgorod,Novgorod
26,NVG,8,STR,Novgorod,Staraia Russa
26,NVG,9,TKH,Novgorod,Tikhvin
28,ORN,1,ORN,Orenburg,Orenburg
28,ORN,2,VRK,Orenburg,Verkhneuralsk
28,ORN,5,CHL,Orenburg,Cheliabinsk
29,ORL,1,ORL,Orel,Orel
29,ORL,3,BRN,Orel,Briansk
30,PNZ,1,PNZ,Penza,Penza
31,PRM,1,PRM,Perm,Perm
31,PRM,3,EKT,Perm,Ekaterinburg
32,POD,1,KMN,Podolia,Kamenets-Podolsk
32,POD,2,BLT,Podolia,Balta
32,KHR,2,BLT,Kherson,Balta
32,POD,3,BRT,Podolia,Bratslav
32,POD,4,VNN,Podolia,Vinnitsa
32,POD,5,GSN,Podolia,Gaisin
32,POD,6,LTC,Podolia,Letichev
32,POD,7,LTN,Podolia,Litin
32,POD,8,MGL,Podolia,Mogilev
32,POD,9,OLG,Podolia,Olgopol
32,POD,10,PRS,Podolia,Proskurov
32,POD,11,NVU,Podolia,Novaia Ushitsa
32,POD,12,LMP,Podolia,Lampol
33,PLT,1,PLT,Poltava,Poltava
33,PLT,2,GDC,Poltava,Gadiach
33,PLT,3,ZNK,Poltava,Zienkov
33,PLT,4,ZLT,Poltava,Zolotonosha
33,PLT,5,KBL,Poltava,Kobeliaki
33,PLT,6,KNS,Poltava,Konstantinograd
33,PLT,7,KRM,Poltava,Kremenchug
33,PLT,8,LKH,Poltava,Lokhvitsa
33,PLT,9,LBN,Poltava,Lubny
33,PLT,10,MRG,Poltava,Mirgorod
33,PLT,11,PRS,Poltava,Pereiaslav
33,PLT,12,PRT,Poltava,Piriatin
33,PLT,13,PRL,Poltava,Priluki
33,PLT,14,RMN,Poltava,Romny
33,PLT,15,KHR,Poltava,Khorol
34,PSK,1,PSK,Pskov,Pskov
34,PSK,2,VLK,Pskov,Velikie Luki
34,PSK,3,NVR,Pskov,Novorzhev
34,PSK,4,OPC,Pskov,Opochka
34,PSK,5,OST,Pskov,Ostrov
34,PSK,7,TRP,Pskov,Toropets
35,RZN,1,RZN,Ryazan,Riazan
36,SMR,1,SMR,Samara,Samara
36,SMR,7,STV,Samara,Stavropol
37,SNP,1,SNT,Sankt-Peterburg,Saint Petersburg
37,SNP,2,GDV,Sankt-Peterburg,Gdov
37,SNP,3,LGA,Sankt-Peterburg,Luga
37,SNP,5,PTR,Sankt-Peterburg,Petergof
37,SNP,6,TSR,Sankt-Peterburg,Tsarskoe Selo
37,SNP,8,IMB,Sankt-Peterburg,Iamburg
38,SRT,1,SRT,Saratov,Saratov
38,SRT,10,TSR,Saratov,Tsaritsyn
39,SMB,1,SMB,Simbirsk,Simbirsk
39,SMB,2,ALT,Simbirsk,Alatyr
40,SML,1,SML,Smolensk,Smolensk
40,SML,2,BLY,Smolensk,Bielyi
40,SML,3,VZM,Smolensk,Viazma
40,SML,4,GZH,Smolensk,Gzhatsk
40,SML,5,DRG,Smolensk,Dorogobuzh
40,SML,6,DKH,Smolensk,Dukhovshchina
40,SML,7,ELN,Smolensk,Elnia
40,SML,9,PRC,Smolensk,Porieche
40,SML,10,RSL,Smolensk,Roslavl
41,TRD,1,SMF,Taurida,Simferopol
41,TRD,2,BRD,Taurida,Berdiansk
41,TRD,3,ALS,Taurida,Aleshki
41,TRD,4,EVP,Taurida,Evpatoriia
41,TRD,5,MLT,Taurida,Melitopol
41,TRD,6,PRK,Taurida,Perekop
41,TRD,7,ILT,Taurida,Ialta
41,TRD,8,FDS,Taurida,Feodosiia
41,TRD,9,KRC,Taurida,Kerch
41,TRD,10,SVS,Taurida,Sevastopol
44,TLA,1,TLA,Tula,Tula
44,TLA,4,BLV,Tula,Bielev
45,UFA,1,UFA,Ufa,Ufa
46,KHR,1,KHR,Kharkov,Kharkov
46,KZN,2,AKH,Kharkov,Akhtyrka
46,KHR,7,IZM,Kharkov,Izium
46,KHR,8,KPN,Kharkov,Kupiansk
46,KHR,9,LBD,Kharkov,Lebedin
46,KHR,10,STR,Kharkov,Starobielsk
46,KHR,11,SMY,Kharkov,Sumy
47,KHR,1,KHR,Kherson,Kherson
47,KHR,2,ALK,Kherson,Aleksandriia
47,KHR,3,ANN,Kherson,Ananev
47,KHR,4,ELZ,Kherson,Elizavetgrad
47,KHR,5,ODS,Kherson,Odessa
47,KHR,6,TRS,Kherson,Tiraspol
48,CRN,1,CHR,Chernigov,Chernigov
48,CRN,2,BRZ,Chernigov,Borzna
48,CRN,3,GLK,Chernigov,Glukhov
48,CRN,4,GRD,Chernigov,Gorodnia
48,CRN,5,KZL,Chernigov,Kozelets
48,CRN,6,KNT,Chernigov,Konotop
48,CRN,7,KRL,Chernigov,Krolevets
48,CRN,8,MGL,Chernigov,Mglin
48,CRN,9,NVG,Chernigov,Novgorod-Sieversk
48,CRN,10,NVZ,Chernigov,Novozybkov
48,CRN,11,NZH,Chernigov,Niezhin
48,CRN,12,OST,Chernigov,Oster
48,CRN,13,SSN,Chernigov,Sosnitsa
48,CRN,14,STR,Chernigov,Starodub
48,CRN,15,SRZ,Chernigov,Surazh
49,EST,1,RVL,Estland,Revel
49,EST,2,VZN,Estland,Vezenberg
49,EST,3,VSN,Estland,Veisenshtein
51,WRS,1,WRS,Warszawa,Warszawa
51,WRS,3,VLT,Warszawa,Vlotslavsk
51,WRS,4,GST,Warszawa,Gostynin
51,WRS,10,PLN,Warszawa,Plonsk
51,WRS,12,RDM,Warszawa,Radimin
51,WRS,13,SKR,Warszawa,Skernevitsy
52,KLS,1,KLS,Kalisz,Kalisz
52,KLS,2,VLN,Kalisz,Veliun
52,KLS,3,KLO,Kalisz,Kolo
52,KLS,4,KNN,Kalisz,Konin
52,KLS,6,SLP,Kalisz,Sluptsy
52,KLS,7,SRD,Kalisz,Sieradz
53,KLC,2,JDR,Kielce,Jedrzejow
53,KLC,6,PNC,Kielce,Pinchov
53,KLC,7,STP,Kielce,Stopnica
54,LMZ,1,LMZ,Lomza,Lomzha
54,LMZ,2,KLN,Lomza,Kolno
54,LMZ,3,WYS,Lomza,Wysokie Mazowieckie
54,LMZ,5,OST,Lomza,Ostrov
54,LMZ,6,OSTL,Lomza,Ostrolenka
54,LMZ,7,SHC,Lomza,Shchuchin
55,LBL,1,LBL,Lublin,Lublin
55,LBL,2,BLG,Lublin,Bielgorai
55,LBL,4,ZMC,Lublin,Zamosc
55,LBL,5,KRS,Lublin,Krasnostav
55,LBL,7,PLW,Lublin,Pulawy
55,LBL,9,KHL,Lublin,Kholm
55,LBL,10,INV,Lublin,Ianov
56,PTR,1,PTR,Piotrkow,Petrokov
56,PTR,2,BND,Piotrkow,Bendin
56,PTR,3,BRZ,Piotrkow,Breziny
56,PTR,5,LDZ,Piotrkow,Lodz
56,PTR,8,CHN,Piotrkow,Chenstokhov
57,PLC,3,MLV,Plock,Mlava
57,PLC,4,PRS,Plock,Prasnysh
57,PLC,7,TSK,Plock,Tsiekhanov
58,RDM,1,RDM,Radom,Radom
58,RDM,2,ILZ,Radom,Ilza
58,RDM,5,OPT,Radom,Opatov
58,RDM,6,OPC,Radom,Opoczno
58,RDM,7,SND,Radom,Sandomir
59,SWL,1,SVL,Suwalki,Suvalki
59,SWL,2,AVG,Suwalki,Avgustov
59,SWL,3,VLD,Suwalki,Vladislavov
59,SWL,4,VLK,Suwalki,Volkovyshki
59,SWL,5,KLV,Suwalki,Kalvariia
59,SWL,6,MRM,Suwalki,Mariampol
59,SWL,7,SNY,Suwalki,Seiny
60,SDL,3,WGR,Siedlce,Wegrow
60,SDL,4,VLD,Siedlce,Vlodava
61,BSS,1,BLT,Bessarabia,Bieltsy
61,BSS,2,SRK,Bessarabia,Soroki
62,BKV,1,BTS,Bukovina,Botoşani
62,BKV,10,STR,Bukovina,Storojinet
62,BKV,11,SCZ,Bukovina,Suczawa
62,BKV,12,UNK,Bukovina,Unknown
62,BKV,13,WZN,Bukovina,Wiznitz
62,BKV,2,CZR,Bukovina,Czernowitz
62,BKV,3,DRH,Bukovina,Dorohoi
62,BKV,4,GRH,Bukovina,Gurahumora
62,BKV,5,KMP,Bukovina,Kimpolung
62,BKV,6,KTZ,Bukovina,Kotzman
62,BKV,7,RDT,Bukovina,Radautz
62,BKV,8,SDG,Bukovina,Sadagora
62,BKV,9,SRT,Bukovina,Sereth
63,GLC,1,CRC,Galicia,Biala
63,GLC,10,TRN,Galicia,Buczacz
63,GLC,11,CRC,Galicia,Chrzanow
63,GLC,12,LWW,Galicia,Cieszanow
63,GLC,13,TRN,Galicia,Czortkow
63,GLC,14,CRC,Galicia,Dabrowa
63,GLC,15,LWW,Galicia,Dobromil
63,GLC,16,STN,Galicia,Dolina
63,GLC,17,LWW,Galicia,Drohobycz
63,GLC,18,CRC,Galicia,Gorlice
63,GLC,19,LWW,Galicia,Grodek
63,GLC,2,CRC,Galicia,Bielsk
63,GLC,20,CRC,Galicia,Grybow
63,GLC,21,STN,Galicia,Horodenka
63,GLC,22,TRN,Galicia,Husiatyn
63,GLC,23,LWW,Galicia,Jaroslaw
63,GLC,24,LWW,Galicia,Jaslo
63,GLC,24,CRC,Galicia,Jaslo
63,GLC,25,LWW,Galicia,Jaworow
63,GLC,26,STN,Galicia,Kalusz
63,GLC,27,TRN,Galicia,Kamionka
63,GLC,28,LWW,Galicia,Kolbuszowa
63,GLC,28,STN,Galicia,Kolbuszowa
63,GLC,29,STN,Galicia,Kolomyja
63,GLC,3,LWW,Galicia,Bobrka
63,GLC,30,STN,Galicia,Kosow
63,GLC,31,CRC,Galicia,Krakow
63,GLC,32,LWW,Galicia,Krosno
63,GLC,32,CRC,Galicia,Krosno
63,GLC,33,LWW,Galicia,Lancut
63,GLC,34,CRC,Galicia,Limanowa
63,GLC,35,LWW,Galicia,Lisko
63,GLC,36,LWW,Galicia,Lwow
63,GLC,37,CRC,Galicia,Mielec
63,GLC,38,LWW,Galicia,Mosciska
63,GLC,39,CRC,Galicia,Myslenice
63,GLC,39,STN,Galicia,Myslenice
63,GLC,4,CRC,Galicia,Bochnia
63,GLC,40,STN,Galicia,Nadworna
63,GLC,41,LWW,Galicia,Nisko
63,GLC,42,CRC,Galicia,Nowy Sacz
63,GLC,43,CRC,Galicia,Nowy Targ
63,GLC,44,CRC,Galicia,Pilzno
63,GLC,45,CRC,Galicia,Podgorze
63,GLC,46,TRN,Galicia,Podhajce
63,GLC,47,LWW,Galicia,Przemysl
63,GLC,48,TRN,Galicia,Przemyslany
63,GLC,49,STN,Galicia,Rawa
63,GLC,49,LWW,Galicia,Rawa
63,GLC,5,STN,Galicia,Bohorodczany
63,GLC,50,STN,Galicia,Rohatyn
63,GLC,51,CRC,Galicia,Ropczyce
63,GLC,51,LWW,Galicia,Ropczyce
63,GLC,52,LWW,Galicia,Rudki
63,GLC,53,LWW,Galicia,Rzeszow
63,GLC,54,LWW,Galicia,Sambor
63,GLC,55,LWW,Galicia,Sanok
63,GLC,56,TRN,Galicia,Skalat
63,GLC,57,STN,Galicia,Sniatyn
63,GLC,58,LWW,Galicia,Sokal
63,GLC,59,STN,Galicia,Stanislawow
63,GLC,6,TRN,Galicia,Brody
63,GLC,6,STN,Galicia,Brody
63,GLC,60,LWW,Galicia,Stare Miasto
63,GLC,61,STN,Galicia,Stryj
63,GLC,62,LWW,Galicia,Tarnobrzeg
63,GLC,63,TRN,Galicia,Tarnopol
63,GLC,64,CRC,Galicia,Tarnow
63,GLC,65,STN,Galicia,Tlumacz
63,GLC,65,TRN,Galicia,Tlumacz
63,GLC,66,TRN,Galicia,Trembowla
63,GLC,67,LWW,Galicia,Turka
63,GLC,68,CRC,Galicia,Wadowice
63,GLC,68,PZN,Galicia,Wadowice
63,GLC,69,CRC,Galicia,Wieliczka
63,GLC,7,CRC,Galicia,Brzeg
63,GLC,70,TRN,Galicia,Zaleszczyki
63,GLC,71,TRN,Galicia,Zbaraz
63,GLC,72,TRN,Galicia,Zloczow
63,GLC,73,LWW,Galicia,Zolkiew
63,GLC,73,STN,Galicia,Zolkiew
63,GLC,74,STN,Galicia,Zydaczow
63,GLC,75,CRC,Galicia,Zywiec
63,GLC,8,TRN,Galicia,Brzezany
63,GLC,9,LWW,Galicia,Brzozow
64,KLS,1,CHN,Kalisz,Czestochowa
64,KLS,2,KLS,Kalisz,Kalisz
64,KLS,3,KLO,Kalisz,Kolo
64,KLS,3,KNN,Kalisz,Kolo
64,KLS,4,KNN,Kalisz,Konin
64,KLS,5,LNC,Kalisz,Leczyca
64,KLS,6,SRD,Kalisz,Sieradz
64,KLS,7,SLP,Kalisz,Slupca
64,KLS,8,TRK,Kalisz,Turek
64,KLS,8,KLO,Kalisz,Turek
64,KLS,8,SRD,Kalisz,Turek
64,KLS,9,VLN,Kalisz,Wielun
65,KHR,1,ALK,Kherson,Aleksandriia
66,KLC,1,PNC,Kielce,Dabrowa
66,KLC,2,KLC,Kielce,Jedrzejow
66,KLC,2,JDR,Kielce,Jedrzejow
66,KLC,3,KLC,Kielce,Kielce
66,KLC,4,MKH,Kielce,Miechow
66,KLC,5,OLK,Kielce,Olkusz
66,KLC,6,KLC,Kielce,Opatow
66,KLC,7,PNC,Kielce,Pinczow
66,KLC,8,STP,Kielce,Stopnica
66,KLC,9,WLS,Kielce,Wloszczowa
67,LMZ,1,MKV,Lomza,Makow
67,LMZ,2,MKV,Lomza,Ostroleka
68,LBL,1,BLG,Lublin,Bilgoraj
68,LBL,1,ZMC,Lublin,Bilgoraj
68,LBL,10,LBR,Lublin,Siedlce
68,LBL,11,TMS,Lublin,Tomaszow
68,LBL,11,GRB,Lublin,Tomaszow
68,LBL,12,LBR,Lublin,Wegrow
68,LBL,13,LBR,Lublin,Wlodawa
68,LBL,14,KRS,Lublin,Zamosc
68,LBL,14,ZMS,Lublin,Zamosc
68,LBL,14,ZMC,Lublin,Zamosc
68,LBL,2,KHL,Lublin,Chelm
68,LBL,2,KRS,Lublin,Chelm
68,LBL,3,GRB,Lublin,Hrubieszow
68,LBL,4,INV,Lublin,Janow
68,LBL,5,KRS,Lublin,Krasnystaw
68,LBL,6,LBR,Lublin,Lubartow
68,LBL,7,LBL,Lublin,Lublin
68,LBL,7,LBR,Lublin,Lublin
68,LBL,8,LBR,Lublin,Lukow
68,LBL,9,PLW,Lublin,Pulawy
69,PTR,1,BND,Piotrkow,Bedzin
69,PTR,10,RVA,Piotrkow,Rawa
69,PTR,11,LSK,Piotrkow,Wielun
69,PTR,12,NVR,Piotrkow,Wloszczowa
69,PTR,2,LDZ,Piotrkow,Brzeziny
69,PTR,2,BRZ,Piotrkow,Brzeziny
69,PTR,3,CHN,Piotrkow,Czestochowa
69,PTR,4,LSK,Piotrkow,Lask
69,PTR,4,BRZ,Piotrkow,Lask
69,PTR,5,LDZ,Piotrkow,Leczyca
69,PTR,6,LDZ,Piotrkow,Lodz
69,PTR,6,BRZ,Piotrkow,Lodz
69,PTR,7,NVR,Piotrkow,Noworadomsk
69,PTR,8,BND,Piotrkow,Olkusz
69,PTR,9,PTR,Piotrkow,Piotrkow
70,PLC,1,LPN,Plock,Lipno
70,PLC,2,MLV,Plock,Mlawa
70,PLC,2,TSK,Plock,Mlawa
70,PLC,3,PLT,Plock,Plock
70,PLC,4,PRS,Plock,Przasnysz
70,PLC,5,RYP,Plock,Rypin
70,PLC,6,SRP,Plock,Sierpc
70,PLC,7,RYP,Plock,Wabrzezno
71,POD,1,KMN,Podolia,Kamenets-Podolsk
71,POD,2,LTN,Podolia,Litin
71,POD,3,NVU,Podolia,Novaia Ushitsa
72,PRU,1,PSN,Preussen,Babimost
72,PRU,10,OST,Preussen,Elk
72,PRU,11,OST,Preussen,Frydlad
72,PRU,12,OST,Preussen,Gabin
72,PRU,13,WST,Preussen,Gdansk
72,PRU,14,OST,Preussen,Gizycko
72,PRU,15,PSN,Preussen,Gniezno
72,PRU,16,OST,Preussen,Goldap
72,PRU,17,PSN,Preussen,Grodzisk
72,PRU,18,WST,Preussen,Grudziadz
72,PRU,19,OST,Preussen,Ilawa
72,PRU,2,OST,Preussen,Braniewo
72,PRU,20,PSN,Preussen,Inowroclaw
72,PRU,21,PSN,Preussen,Jarocin
72,PRU,22,OST,Preussen,Ketrzyn
72,PRU,23,PSN,Preussen,Kozmin
72,PRU,24,OST,Preussen,Krolewiec
72,PRU,25,PSN,Preussen,Krotoszyn
72,PRU,26,WST,Preussen,Kwidzyn
72,PRU,27,OST,Preussen,Labiawa
72,PRU,28,PSN,Preussen,Leszno
72,PRU,29,OST,Preussen,Lidzbark
72,PRU,3,WST,Preussen,Brodnica
72,PRU,30,PSN,Preussen,Miedzyrzecz
72,PRU,31,PSN,Preussen,Mogilno
72,PRU,32,OST,Preussen,Nidzica
72,PRU,33,OST,Preussen,Nizina
72,PRU,34,PSN,Preussen,Nowy Tomysl
72,PRU,35,PSN,Preussen,Oborniki
72,PRU,36,OST,Preussen,Olecko
72,PRU,37,SCH,Preussen,Olesno
72,PRU,38,OST,Preussen,Olsztyn
72,PRU,39,OST,Preussen,Ostroda
72,PRU,4,PSN,Preussen,Bydgoszcz
72,PRU,40,PSN,Preussen,Ostrow
72,PRU,41,PSN,Preussen,Ostrzeszow
72,PRU,42,OST,Preussen,Paslek
72,PRU,43,OST,Preussen,Pisz
72,PRU,44,PSN,Preussen,Pleszew
72,PRU,45,PMM,Preussen,Pommern
72,PRU,46,PSN,Preussen,Poznan
72,PRU,47,PSN,Preussen,Poznan (wschodni)
72,PRU,48,SCH,Preussen,Raciborz
72,PRU,49,OST,Preussen,Ragneta
72,PRU,5,WST,Preussen,Chelmno
72,PRU,50,PSN,Preussen,Rawicz
72,PRU,51,OST,Preussen,Reszel
72,PRU,52,PSN,Preussen,Skwierzyna
72,PRU,53,PSN,Preussen,Srem
72,PRU,54,PSN,Preussen,Sroda
72,PRU,55,OST,Preussen,Stolupiany
72,PRU,56,PSN,Preussen,Strzelno
72,PRU,57,WST,Preussen,Susz
72,PRU,58,WST,Preussen,Swiecie
72,PRU,59,OST,Preussen,Swieta Siekierka
72,PRU,6,WST,Preussen,Chojnice
72,PRU,60,PSN,Preussen,Szamotuly
72,PRU,61,OST,Preussen,Szczytno
72,PRU,62,WST,Preussen,Sztum
72,PRU,63,PSN,Preussen,Szubin
72,PRU,64,WST,Preussen,Tczew
72,PRU,65,WST,Preussen,Torun
72,PRU,66,WST,Preussen,Tuchola
72,PRU,67,OST,Preussen,Tylza
72,PRU,68,WST,Preussen,Wabrzezno
72,PRU,69,PSN,Preussen,Wagrowiec
72,PRU,7,PSN,Preussen,Czarnkow
72,PRU,70,WST,Preussen,Walcz
72,PRU,71,OST,Preussen,Wegorzewo
72,PRU,72,WST,Preussen,Wejherowo
72,PRU,73,OST,Preussen,Welawa
72,PRU,74,PSN,Preussen,Wielen
72,PRU,75,PSN,Preussen,Wrzesnia
72,PRU,76,PSN,Preussen,Wschowa
72,PRU,77,PSN,Preussen,Wyrzysk
72,PRU,78,OST,Preussen,Wystruc
72,PRU,79,WST,Preussen,Zlotow
72,PRU,79,PMM,Preussen,Zlotow
72,PRU,8,WST,Preussen,Czluchow
72,PRU,80,PSN,Preussen,Znin
72,PRU,9,WST,Preussen,Elblag
73,RDM,1,KNS,Radom,Bedzin
73,RDM,2,ILZ,Radom,Ilza
73,RDM,3,KNS,Radom,Kielce
73,RDM,3,OPT,Radom,Kielce
73,RDM,4,KNS,Radom,Konskie
73,RDM,5,KZN,Radom,Kozienice
73,RDM,6,SND,Radom,Opatow
73,RDM,6,OPT,Radom,Opatow
73,RDM,7,OPC,Radom,Opoczno
73,RDM,8,RDM,Radom,Radom
73,RDM,9,SND,Radom,Sandomierz
73,RDM,9,OPT,Radom,Sandomierz
74,SDL,1,BLA,Siedlce,Biala
74,SDL,10,WGR,Siedlce,Wegrow
74,SDL,11,VLD,Siedlce,Wlodawa
74,SDL,2,BLA,Siedlce,Brzeg
74,SDL,3,GRV,Siedlce,Garwolin
74,SDL,4,KNS,Siedlce,Konstantynow
74,SDL,5,LKV,Siedlce,Lukow
74,SDL,6,WGR,Siedlce,Radzymin
74,SDL,7,RDZ,Siedlce,Radzyn
74,SDL,7,RDN,Siedlce,Radzyn
74,SDL,8,SDL,Siedlce,Siedlce
74,SDL,9,SKL,Siedlce,Sokolow
75,VTB,1,RZH,Vitebsk,Riezhitsa
76,WRS,1,BLN,Warszawa,Blonie
76,WRS,10,PLN,Warszawa,Plonsk
76,WRS,11,PLT,Warszawa,Pultusk
76,WRS,12,RDM,Warszawa,Radzymin
76,WRS,13,NSH,Warszawa,Sierpc
76,WRS,14,SKR,Warszawa,Skierniewice
76,WRS,15,GST,Warszawa,Sochaczew
76,WRS,15,BLN,Warszawa,Sochaczew
76,WRS,15,SKH,Warszawa,Sochaczew
76,WRS,16,WRS,Warszawa,Warszawa
76,WRS,17,VLT,Warszawa,Wloclawek
76,WRS,2,GST,Warszawa,Gostyn
76,WRS,3,GRT,Warszawa,Grojec
76,WRS,3,GST,Warszawa,Grojec
76,WRS,4,KTN,Warszawa,Kutno
76,WRS,5,LVC,Warszawa,Lowicz
76,WRS,6,PLT,Warszawa,Makow
76,WRS,7,WRS,Warszawa,Minsk Mazowiecki
76,WRS,7,NWM,Warszawa,Minsk Mazowiecki
76,WRS,7,NSH,Warszawa,Minsk Mazowiecki
76,WRS,8,NSH,Warszawa,Nieszawa
76,WRS,9,RDM,Warszawa,Ostrow
77,PRU,1,PMM,Prussia,Pommern
77,PRU,2,SCH,Prussia,Sachsen
77,PRU,3,SCH,Prussia,Schlesien
77,PRU,4,WST,Prussia,Westpreußen
